id, partner_code, name, description, code
1, pt1, Prize name 40 en, Prize description en, pr40
2, pt4, Prize name 21 en, Prize description en, pr21
3, pt1, Prize name 11 en, Prize description en, pr11
4, pt4, Prize name 44 en, Prize description en, pr44
5, pt1, Prize name 33 en, Prize description en, pr33
6, pt3, Prize name 29 en, Prize description en, pr29
7, pt3, Prize name 30 en, Prize description en, pr30
8, pt5, Prize name 17 en, Prize description en, pr17
9, pt1, Prize name 48 en, Prize description en, pr48
10, pt2, Prize name 27 en, Prize description en, pr27
11, pt1, Prize name 16 en, Prize description en, pr16
12, pt2, Prize name 28 en, Prize description en, pr28
13, pt3, Prize name 43 en, Prize description en, pr43
14, pt2, Prize name 16 en, Prize description en, pr16
15, pt5, Prize name 36 en, Prize description en, pr36
16, pt2, Prize name 20 en, Prize description en, pr20
17, pt5, Prize name 47 en, Prize description en, pr47
18, pt1, Prize name 33 en, Prize description en, pr33
19, pt5, Prize name 10 en, Prize description en, pr10
20, pt3, Prize name 49 en, Prize description en, pr49
21, pt3, Prize name 45 en, Prize description en, pr45
22, pt1, Prize name 44 en, Prize description en, pr44
23, pt5, Prize name 33 en, Prize description en, pr33
24, pt5, Prize name 27 en, Prize description en, pr27
25, pt3, Prize name 11 en, Prize description en, pr11
26, pt5, Prize name 38 en, Prize description en, pr38
27, pt4, Prize name 45 en, Prize description en, pr45
28, pt2, Prize name 30 en, Prize description en, pr30
29, pt2, Prize name 10 en, Prize description en, pr10
30, pt2, Prize name 35 en, Prize description en, pr35
31, pt2, Prize name 33 en, Prize description en, pr33
32, pt1, Prize name 36 en, Prize description en, pr36
33, pt4, Prize name 14 en, Prize description en, pr14
34, pt1, Prize name 49 en, Prize description en, pr49
35, pt1, Prize name 14 en, Prize description en, pr14
36, pt4, Prize name 14 en, Prize description en, pr14
37, pt4, Prize name 28 en, Prize description en, pr28
38, pt1, Prize name 34 en, Prize description en, pr34
39, pt1, Prize name 42 en, Prize description en, pr42
40, pt4, Prize name 48 en, Prize description en, pr48
41, pt2, Prize name 31 en, Prize description en, pr31
42, pt1, Prize name 36 en, Prize description en, pr36
43, pt1, Prize name 41 en, Prize description en, pr41
44, pt1, Prize name 38 en, Prize description en, pr38
45, pt2, Prize name 34 en, Prize description en, pr34
46, pt2, Prize name 13 en, Prize description en, pr13
47, pt4, Prize name 28 en, Prize description en, pr28
48, pt2, Prize name 34 en, Prize description en, pr34
49, pt1, Prize name 14 en, Prize description en, pr14
50, pt1, Prize name 49 en, Prize description en, pr49
51, pt4, Prize name 16 en, Prize description en, pr16
52, pt2, Prize name 33 en, Prize description en, pr33
53, pt1, Prize name 10 en, Prize description en, pr10
54, pt4, Prize name 12 en, Prize description en, pr12
55, pt2, Prize name 16 en, Prize description en, pr16
56, pt3, Prize name 22 en, Prize description en, pr22
57, pt5, Prize name 20 en, Prize description en, pr20
58, pt3, Prize name 44 en, Prize description en, pr44
59, pt3, Prize name 35 en, Prize description en, pr35
60, pt3, Prize name 32 en, Prize description en, pr32
61, pt4, Prize name 22 en, Prize description en, pr22
62, pt2, Prize name 26 en, Prize description en, pr26
63, pt2, Prize name 30 en, Prize description en, pr30
64, pt2, Prize name 40 en, Prize description en, pr40
65, pt3, Prize name 12 en, Prize description en, pr12
66, pt5, Prize name 33 en, Prize description en, pr33
67, pt1, Prize name 27 en, Prize description en, pr27
68, pt5, Prize name 11 en, Prize description en, pr11
69, pt3, Prize name 10 en, Prize description en, pr10
70, pt1, Prize name 16 en, Prize description en, pr16
71, pt2, Prize name 26 en, Prize description en, pr26
72, pt4, Prize name 20 en, Prize description en, pr20
73, pt2, Prize name 25 en, Prize description en, pr25
74, pt1, Prize name 30 en, Prize description en, pr30
75, pt1, Prize name 24 en, Prize description en, pr24
76, pt4, Prize name 30 en, Prize description en, pr30
77, pt1, Prize name 12 en, Prize description en, pr12
78, pt1, Prize name 29 en, Prize description en, pr29
79, pt1, Prize name 23 en, Prize description en, pr23
80, pt2, Prize name 40 en, Prize description en, pr40
81, pt4, Prize name 37 en, Prize description en, pr37
82, pt5, Prize name 21 en, Prize description en, pr21
83, pt2, Prize name 16 en, Prize description en, pr16
84, pt5, Prize name 22 en, Prize description en, pr22
85, pt1, Prize name 43 en, Prize description en, pr43
86, pt4, Prize name 43 en, Prize description en, pr43
87, pt4, Prize name 34 en, Prize description en, pr34
88, pt2, Prize name 28 en, Prize description en, pr28
89, pt3, Prize name 18 en, Prize description en, pr18
90, pt2, Prize name 29 en, Prize description en, pr29
91, pt5, Prize name 44 en, Prize description en, pr44
92, pt2, Prize name 33 en, Prize description en, pr33
93, pt2, Prize name 13 en, Prize description en, pr13
94, pt4, Prize name 45 en, Prize description en, pr45
95, pt3, Prize name 36 en, Prize description en, pr36
96, pt2, Prize name 31 en, Prize description en, pr31
97, pt5, Prize name 10 en, Prize description en, pr10
98, pt2, Prize name 33 en, Prize description en, pr33
99, pt3, Prize name 18 en, Prize description en, pr18
100, pt1, Prize name 49 en, Prize description en, pr49
101, pt5, Prize name 49 en, Prize description en, pr49
102, pt3, Prize name 35 en, Prize description en, pr35
103, pt3, Prize name 17 en, Prize description en, pr17
104, pt3, Prize name 12 en, Prize description en, pr12
105, pt1, Prize name 39 en, Prize description en, pr39
106, pt3, Prize name 32 en, Prize description en, pr32
107, pt4, Prize name 12 en, Prize description en, pr12
108, pt1, Prize name 22 en, Prize description en, pr22
109, pt2, Prize name 41 en, Prize description en, pr41
110, pt2, Prize name 40 en, Prize description en, pr40
111, pt2, Prize name 10 en, Prize description en, pr10
112, pt5, Prize name 18 en, Prize description en, pr18
113, pt1, Prize name 34 en, Prize description en, pr34
114, pt1, Prize name 24 en, Prize description en, pr24
115, pt5, Prize name 42 en, Prize description en, pr42
116, pt3, Prize name 39 en, Prize description en, pr39
117, pt3, Prize name 48 en, Prize description en, pr48
118, pt5, Prize name 13 en, Prize description en, pr13
119, pt4, Prize name 33 en, Prize description en, pr33
120, pt2, Prize name 36 en, Prize description en, pr36
121, pt2, Prize name 42 en, Prize description en, pr42
122, pt3, Prize name 43 en, Prize description en, pr43
123, pt1, Prize name 24 en, Prize description en, pr24
124, pt3, Prize name 27 en, Prize description en, pr27
125, pt2, Prize name 48 en, Prize description en, pr48
126, pt1, Prize name 31 en, Prize description en, pr31
127, pt5, Prize name 37 en, Prize description en, pr37
128, pt1, Prize name 28 en, Prize description en, pr28
129, pt4, Prize name 27 en, Prize description en, pr27
130, pt2, Prize name 41 en, Prize description en, pr41
131, pt1, Prize name 30 en, Prize description en, pr30
132, pt5, Prize name 32 en, Prize description en, pr32
133, pt2, Prize name 31 en, Prize description en, pr31
134, pt4, Prize name 37 en, Prize description en, pr37
135, pt4, Prize name 10 en, Prize description en, pr10
136, pt1, Prize name 20 en, Prize description en, pr20
137, pt5, Prize name 10 en, Prize description en, pr10
138, pt2, Prize name 22 en, Prize description en, pr22
139, pt4, Prize name 28 en, Prize description en, pr28
140, pt3, Prize name 18 en, Prize description en, pr18
141, pt5, Prize name 23 en, Prize description en, pr23
142, pt3, Prize name 44 en, Prize description en, pr44
143, pt1, Prize name 48 en, Prize description en, pr48
144, pt4, Prize name 17 en, Prize description en, pr17
145, pt4, Prize name 49 en, Prize description en, pr49
146, pt5, Prize name 11 en, Prize description en, pr11
147, pt5, Prize name 16 en, Prize description en, pr16
148, pt2, Prize name 20 en, Prize description en, pr20
149, pt4, Prize name 25 en, Prize description en, pr25
150, pt5, Prize name 15 en, Prize description en, pr15
151, pt2, Prize name 17 en, Prize description en, pr17
152, pt1, Prize name 21 en, Prize description en, pr21
153, pt1, Prize name 21 en, Prize description en, pr21
154, pt1, Prize name 30 en, Prize description en, pr30
155, pt1, Prize name 27 en, Prize description en, pr27
156, pt2, Prize name 48 en, Prize description en, pr48
157, pt2, Prize name 33 en, Prize description en, pr33
158, pt4, Prize name 10 en, Prize description en, pr10
159, pt5, Prize name 39 en, Prize description en, pr39
160, pt1, Prize name 13 en, Prize description en, pr13
161, pt2, Prize name 48 en, Prize description en, pr48
162, pt3, Prize name 39 en, Prize description en, pr39
163, pt5, Prize name 10 en, Prize description en, pr10
164, pt2, Prize name 22 en, Prize description en, pr22
165, pt4, Prize name 21 en, Prize description en, pr21
166, pt4, Prize name 49 en, Prize description en, pr49
167, pt2, Prize name 34 en, Prize description en, pr34
168, pt2, Prize name 17 en, Prize description en, pr17
169, pt1, Prize name 10 en, Prize description en, pr10
170, pt1, Prize name 31 en, Prize description en, pr31
171, pt1, Prize name 48 en, Prize description en, pr48
172, pt4, Prize name 34 en, Prize description en, pr34
173, pt4, Prize name 24 en, Prize description en, pr24
174, pt1, Prize name 14 en, Prize description en, pr14
175, pt2, Prize name 13 en, Prize description en, pr13
176, pt2, Prize name 17 en, Prize description en, pr17
177, pt5, Prize name 30 en, Prize description en, pr30
178, pt1, Prize name 17 en, Prize description en, pr17
179, pt1, Prize name 29 en, Prize description en, pr29
180, pt4, Prize name 40 en, Prize description en, pr40
181, pt3, Prize name 16 en, Prize description en, pr16
182, pt1, Prize name 46 en, Prize description en, pr46
183, pt3, Prize name 18 en, Prize description en, pr18
184, pt4, Prize name 26 en, Prize description en, pr26
185, pt4, Prize name 49 en, Prize description en, pr49
186, pt5, Prize name 23 en, Prize description en, pr23
187, pt3, Prize name 27 en, Prize description en, pr27
188, pt4, Prize name 43 en, Prize description en, pr43
189, pt1, Prize name 30 en, Prize description en, pr30
190, pt5, Prize name 18 en, Prize description en, pr18
191, pt5, Prize name 11 en, Prize description en, pr11
192, pt5, Prize name 46 en, Prize description en, pr46
193, pt1, Prize name 31 en, Prize description en, pr31
194, pt3, Prize name 47 en, Prize description en, pr47
195, pt3, Prize name 25 en, Prize description en, pr25
196, pt4, Prize name 17 en, Prize description en, pr17
197, pt1, Prize name 23 en, Prize description en, pr23
198, pt5, Prize name 26 en, Prize description en, pr26
199, pt3, Prize name 33 en, Prize description en, pr33
200, pt4, Prize name 44 en, Prize description en, pr44
201, pt4, Prize name 41 en, Prize description en, pr41
202, pt4, Prize name 20 en, Prize description en, pr20
203, pt1, Prize name 48 en, Prize description en, pr48
204, pt1, Prize name 16 en, Prize description en, pr16
205, pt3, Prize name 11 en, Prize description en, pr11
206, pt4, Prize name 35 en, Prize description en, pr35
207, pt5, Prize name 15 en, Prize description en, pr15
208, pt2, Prize name 13 en, Prize description en, pr13
209, pt5, Prize name 35 en, Prize description en, pr35
210, pt5, Prize name 19 en, Prize description en, pr19
211, pt3, Prize name 37 en, Prize description en, pr37
212, pt5, Prize name 14 en, Prize description en, pr14
213, pt4, Prize name 26 en, Prize description en, pr26
214, pt5, Prize name 42 en, Prize description en, pr42
215, pt5, Prize name 36 en, Prize description en, pr36
216, pt3, Prize name 48 en, Prize description en, pr48
217, pt4, Prize name 10 en, Prize description en, pr10
218, pt5, Prize name 21 en, Prize description en, pr21
219, pt3, Prize name 31 en, Prize description en, pr31
220, pt4, Prize name 21 en, Prize description en, pr21
221, pt2, Prize name 41 en, Prize description en, pr41
222, pt3, Prize name 50 en, Prize description en, pr50
223, pt5, Prize name 44 en, Prize description en, pr44
224, pt4, Prize name 45 en, Prize description en, pr45
225, pt2, Prize name 50 en, Prize description en, pr50
226, pt2, Prize name 32 en, Prize description en, pr32
227, pt2, Prize name 40 en, Prize description en, pr40
228, pt3, Prize name 47 en, Prize description en, pr47
229, pt1, Prize name 29 en, Prize description en, pr29
230, pt2, Prize name 50 en, Prize description en, pr50
231, pt1, Prize name 21 en, Prize description en, pr21
232, pt1, Prize name 16 en, Prize description en, pr16
233, pt5, Prize name 45 en, Prize description en, pr45
234, pt5, Prize name 24 en, Prize description en, pr24
235, pt5, Prize name 41 en, Prize description en, pr41
236, pt2, Prize name 16 en, Prize description en, pr16
237, pt1, Prize name 14 en, Prize description en, pr14
238, pt1, Prize name 43 en, Prize description en, pr43
239, pt3, Prize name 24 en, Prize description en, pr24
240, pt3, Prize name 22 en, Prize description en, pr22
241, pt4, Prize name 49 en, Prize description en, pr49
242, pt5, Prize name 49 en, Prize description en, pr49
243, pt5, Prize name 28 en, Prize description en, pr28
244, pt1, Prize name 43 en, Prize description en, pr43
245, pt5, Prize name 44 en, Prize description en, pr44
246, pt1, Prize name 17 en, Prize description en, pr17
247, pt2, Prize name 42 en, Prize description en, pr42
248, pt1, Prize name 37 en, Prize description en, pr37
249, pt2, Prize name 13 en, Prize description en, pr13
250, pt4, Prize name 35 en, Prize description en, pr35
251, pt4, Prize name 30 en, Prize description en, pr30
252, pt4, Prize name 31 en, Prize description en, pr31
253, pt1, Prize name 37 en, Prize description en, pr37
254, pt5, Prize name 41 en, Prize description en, pr41
255, pt4, Prize name 39 en, Prize description en, pr39
256, pt5, Prize name 29 en, Prize description en, pr29
257, pt4, Prize name 33 en, Prize description en, pr33
258, pt2, Prize name 41 en, Prize description en, pr41
259, pt3, Prize name 49 en, Prize description en, pr49
260, pt1, Prize name 37 en, Prize description en, pr37
261, pt3, Prize name 43 en, Prize description en, pr43
262, pt1, Prize name 40 en, Prize description en, pr40
263, pt4, Prize name 34 en, Prize description en, pr34
264, pt3, Prize name 20 en, Prize description en, pr20
265, pt2, Prize name 13 en, Prize description en, pr13
266, pt4, Prize name 44 en, Prize description en, pr44
267, pt2, Prize name 38 en, Prize description en, pr38
268, pt1, Prize name 40 en, Prize description en, pr40
269, pt5, Prize name 43 en, Prize description en, pr43
270, pt4, Prize name 21 en, Prize description en, pr21
271, pt3, Prize name 26 en, Prize description en, pr26
272, pt2, Prize name 17 en, Prize description en, pr17
273, pt5, Prize name 32 en, Prize description en, pr32
274, pt1, Prize name 49 en, Prize description en, pr49
275, pt1, Prize name 21 en, Prize description en, pr21
276, pt5, Prize name 22 en, Prize description en, pr22
277, pt4, Prize name 18 en, Prize description en, pr18
278, pt3, Prize name 42 en, Prize description en, pr42
279, pt2, Prize name 38 en, Prize description en, pr38
280, pt3, Prize name 11 en, Prize description en, pr11
281, pt5, Prize name 27 en, Prize description en, pr27
282, pt1, Prize name 24 en, Prize description en, pr24
283, pt4, Prize name 23 en, Prize description en, pr23
284, pt4, Prize name 12 en, Prize description en, pr12
285, pt5, Prize name 21 en, Prize description en, pr21
286, pt2, Prize name 39 en, Prize description en, pr39
287, pt3, Prize name 44 en, Prize description en, pr44
288, pt1, Prize name 19 en, Prize description en, pr19
289, pt5, Prize name 35 en, Prize description en, pr35
290, pt5, Prize name 10 en, Prize description en, pr10
291, pt2, Prize name 12 en, Prize description en, pr12
292, pt4, Prize name 33 en, Prize description en, pr33
293, pt1, Prize name 21 en, Prize description en, pr21
294, pt1, Prize name 43 en, Prize description en, pr43
295, pt3, Prize name 27 en, Prize description en, pr27
296, pt1, Prize name 17 en, Prize description en, pr17
297, pt5, Prize name 48 en, Prize description en, pr48
298, pt2, Prize name 26 en, Prize description en, pr26
299, pt5, Prize name 21 en, Prize description en, pr21
300, pt5, Prize name 27 en, Prize description en, pr27
301, pt5, Prize name 14 en, Prize description en, pr14
302, pt3, Prize name 41 en, Prize description en, pr41
303, pt4, Prize name 31 en, Prize description en, pr31
304, pt3, Prize name 49 en, Prize description en, pr49
305, pt1, Prize name 11 en, Prize description en, pr11
306, pt2, Prize name 10 en, Prize description en, pr10
307, pt1, Prize name 18 en, Prize description en, pr18
308, pt3, Prize name 42 en, Prize description en, pr42
309, pt5, Prize name 34 en, Prize description en, pr34
310, pt2, Prize name 22 en, Prize description en, pr22
311, pt2, Prize name 48 en, Prize description en, pr48
312, pt1, Prize name 49 en, Prize description en, pr49
313, pt4, Prize name 39 en, Prize description en, pr39
314, pt4, Prize name 32 en, Prize description en, pr32
315, pt4, Prize name 31 en, Prize description en, pr31
316, pt4, Prize name 47 en, Prize description en, pr47
317, pt5, Prize name 28 en, Prize description en, pr28
318, pt4, Prize name 49 en, Prize description en, pr49
319, pt2, Prize name 39 en, Prize description en, pr39
320, pt3, Prize name 23 en, Prize description en, pr23
321, pt3, Prize name 42 en, Prize description en, pr42
322, pt3, Prize name 17 en, Prize description en, pr17
323, pt1, Prize name 11 en, Prize description en, pr11
324, pt4, Prize name 36 en, Prize description en, pr36
325, pt2, Prize name 45 en, Prize description en, pr45
326, pt1, Prize name 13 en, Prize description en, pr13
327, pt4, Prize name 30 en, Prize description en, pr30
328, pt3, Prize name 13 en, Prize description en, pr13
329, pt2, Prize name 18 en, Prize description en, pr18
330, pt4, Prize name 17 en, Prize description en, pr17
331, pt3, Prize name 25 en, Prize description en, pr25
332, pt4, Prize name 49 en, Prize description en, pr49
333, pt4, Prize name 37 en, Prize description en, pr37
334, pt2, Prize name 12 en, Prize description en, pr12
335, pt1, Prize name 13 en, Prize description en, pr13
336, pt2, Prize name 42 en, Prize description en, pr42
337, pt4, Prize name 15 en, Prize description en, pr15
338, pt5, Prize name 25 en, Prize description en, pr25
339, pt1, Prize name 21 en, Prize description en, pr21
340, pt2, Prize name 28 en, Prize description en, pr28
341, pt4, Prize name 17 en, Prize description en, pr17
342, pt3, Prize name 26 en, Prize description en, pr26
343, pt2, Prize name 14 en, Prize description en, pr14
344, pt2, Prize name 50 en, Prize description en, pr50
345, pt3, Prize name 35 en, Prize description en, pr35
346, pt2, Prize name 31 en, Prize description en, pr31
347, pt2, Prize name 34 en, Prize description en, pr34
348, pt4, Prize name 21 en, Prize description en, pr21
349, pt1, Prize name 32 en, Prize description en, pr32
350, pt3, Prize name 15 en, Prize description en, pr15
351, pt4, Prize name 25 en, Prize description en, pr25
352, pt1, Prize name 13 en, Prize description en, pr13
353, pt1, Prize name 27 en, Prize description en, pr27
354, pt1, Prize name 28 en, Prize description en, pr28
355, pt4, Prize name 43 en, Prize description en, pr43
356, pt2, Prize name 25 en, Prize description en, pr25
357, pt5, Prize name 18 en, Prize description en, pr18
358, pt1, Prize name 44 en, Prize description en, pr44
359, pt4, Prize name 23 en, Prize description en, pr23
360, pt5, Prize name 47 en, Prize description en, pr47
361, pt2, Prize name 40 en, Prize description en, pr40
362, pt2, Prize name 19 en, Prize description en, pr19
363, pt4, Prize name 21 en, Prize description en, pr21
364, pt1, Prize name 35 en, Prize description en, pr35
365, pt5, Prize name 21 en, Prize description en, pr21
366, pt2, Prize name 24 en, Prize description en, pr24
367, pt3, Prize name 36 en, Prize description en, pr36
368, pt2, Prize name 21 en, Prize description en, pr21
369, pt4, Prize name 36 en, Prize description en, pr36
370, pt4, Prize name 11 en, Prize description en, pr11
371, pt2, Prize name 46 en, Prize description en, pr46
372, pt4, Prize name 26 en, Prize description en, pr26
373, pt5, Prize name 50 en, Prize description en, pr50
374, pt3, Prize name 40 en, Prize description en, pr40
375, pt4, Prize name 37 en, Prize description en, pr37
376, pt1, Prize name 25 en, Prize description en, pr25
377, pt5, Prize name 24 en, Prize description en, pr24
378, pt1, Prize name 20 en, Prize description en, pr20
379, pt4, Prize name 22 en, Prize description en, pr22
380, pt4, Prize name 12 en, Prize description en, pr12
381, pt4, Prize name 37 en, Prize description en, pr37
382, pt1, Prize name 31 en, Prize description en, pr31
383, pt1, Prize name 37 en, Prize description en, pr37
384, pt5, Prize name 32 en, Prize description en, pr32
385, pt3, Prize name 34 en, Prize description en, pr34
386, pt5, Prize name 35 en, Prize description en, pr35
387, pt2, Prize name 10 en, Prize description en, pr10
388, pt3, Prize name 48 en, Prize description en, pr48
389, pt4, Prize name 21 en, Prize description en, pr21
390, pt5, Prize name 23 en, Prize description en, pr23
391, pt3, Prize name 10 en, Prize description en, pr10
392, pt1, Prize name 13 en, Prize description en, pr13
393, pt4, Prize name 40 en, Prize description en, pr40
394, pt2, Prize name 22 en, Prize description en, pr22
395, pt5, Prize name 24 en, Prize description en, pr24
396, pt3, Prize name 17 en, Prize description en, pr17
397, pt3, Prize name 17 en, Prize description en, pr17
398, pt3, Prize name 50 en, Prize description en, pr50
399, pt4, Prize name 45 en, Prize description en, pr45
400, pt1, Prize name 29 en, Prize description en, pr29
401, pt1, Prize name 46 en, Prize description en, pr46
402, pt1, Prize name 48 en, Prize description en, pr48
403, pt5, Prize name 13 en, Prize description en, pr13
404, pt1, Prize name 21 en, Prize description en, pr21
405, pt3, Prize name 22 en, Prize description en, pr22
406, pt4, Prize name 43 en, Prize description en, pr43
407, pt5, Prize name 16 en, Prize description en, pr16
408, pt5, Prize name 39 en, Prize description en, pr39
409, pt4, Prize name 40 en, Prize description en, pr40
410, pt1, Prize name 31 en, Prize description en, pr31
411, pt1, Prize name 15 en, Prize description en, pr15
412, pt1, Prize name 20 en, Prize description en, pr20
413, pt1, Prize name 25 en, Prize description en, pr25
414, pt2, Prize name 17 en, Prize description en, pr17
415, pt4, Prize name 19 en, Prize description en, pr19
416, pt3, Prize name 14 en, Prize description en, pr14
417, pt4, Prize name 28 en, Prize description en, pr28
418, pt2, Prize name 21 en, Prize description en, pr21
419, pt1, Prize name 31 en, Prize description en, pr31
420, pt4, Prize name 28 en, Prize description en, pr28
421, pt4, Prize name 26 en, Prize description en, pr26
422, pt1, Prize name 24 en, Prize description en, pr24
423, pt3, Prize name 26 en, Prize description en, pr26
424, pt3, Prize name 22 en, Prize description en, pr22
425, pt5, Prize name 24 en, Prize description en, pr24
426, pt5, Prize name 45 en, Prize description en, pr45
427, pt3, Prize name 13 en, Prize description en, pr13
428, pt4, Prize name 16 en, Prize description en, pr16
429, pt2, Prize name 13 en, Prize description en, pr13
430, pt4, Prize name 39 en, Prize description en, pr39
431, pt1, Prize name 32 en, Prize description en, pr32
432, pt3, Prize name 27 en, Prize description en, pr27
433, pt5, Prize name 22 en, Prize description en, pr22
434, pt1, Prize name 22 en, Prize description en, pr22
435, pt3, Prize name 39 en, Prize description en, pr39
436, pt2, Prize name 43 en, Prize description en, pr43
437, pt3, Prize name 26 en, Prize description en, pr26
438, pt4, Prize name 37 en, Prize description en, pr37
439, pt4, Prize name 22 en, Prize description en, pr22
440, pt3, Prize name 12 en, Prize description en, pr12
441, pt5, Prize name 29 en, Prize description en, pr29
442, pt3, Prize name 36 en, Prize description en, pr36
443, pt4, Prize name 45 en, Prize description en, pr45
444, pt1, Prize name 29 en, Prize description en, pr29
445, pt4, Prize name 38 en, Prize description en, pr38
446, pt3, Prize name 40 en, Prize description en, pr40
447, pt5, Prize name 40 en, Prize description en, pr40
448, pt4, Prize name 15 en, Prize description en, pr15
449, pt5, Prize name 18 en, Prize description en, pr18
450, pt1, Prize name 31 en, Prize description en, pr31
451, pt3, Prize name 31 en, Prize description en, pr31
452, pt1, Prize name 34 en, Prize description en, pr34
453, pt5, Prize name 15 en, Prize description en, pr15
454, pt3, Prize name 31 en, Prize description en, pr31
455, pt1, Prize name 13 en, Prize description en, pr13
456, pt5, Prize name 16 en, Prize description en, pr16
457, pt4, Prize name 34 en, Prize description en, pr34
458, pt4, Prize name 31 en, Prize description en, pr31
459, pt1, Prize name 13 en, Prize description en, pr13
460, pt3, Prize name 24 en, Prize description en, pr24
461, pt1, Prize name 13 en, Prize description en, pr13
462, pt4, Prize name 43 en, Prize description en, pr43
463, pt5, Prize name 48 en, Prize description en, pr48
464, pt2, Prize name 42 en, Prize description en, pr42
465, pt3, Prize name 37 en, Prize description en, pr37
466, pt3, Prize name 22 en, Prize description en, pr22
467, pt1, Prize name 29 en, Prize description en, pr29
468, pt4, Prize name 35 en, Prize description en, pr35
469, pt5, Prize name 27 en, Prize description en, pr27
470, pt1, Prize name 17 en, Prize description en, pr17
471, pt2, Prize name 49 en, Prize description en, pr49
472, pt1, Prize name 19 en, Prize description en, pr19
473, pt1, Prize name 36 en, Prize description en, pr36
474, pt4, Prize name 11 en, Prize description en, pr11
475, pt3, Prize name 47 en, Prize description en, pr47
476, pt4, Prize name 49 en, Prize description en, pr49
477, pt2, Prize name 48 en, Prize description en, pr48
478, pt5, Prize name 33 en, Prize description en, pr33
479, pt2, Prize name 10 en, Prize description en, pr10
480, pt3, Prize name 29 en, Prize description en, pr29
481, pt3, Prize name 28 en, Prize description en, pr28
482, pt4, Prize name 29 en, Prize description en, pr29
483, pt2, Prize name 17 en, Prize description en, pr17
484, pt2, Prize name 38 en, Prize description en, pr38
485, pt2, Prize name 31 en, Prize description en, pr31
486, pt2, Prize name 42 en, Prize description en, pr42
487, pt1, Prize name 35 en, Prize description en, pr35
488, pt4, Prize name 37 en, Prize description en, pr37
489, pt4, Prize name 27 en, Prize description en, pr27
490, pt2, Prize name 50 en, Prize description en, pr50
491, pt4, Prize name 39 en, Prize description en, pr39
492, pt1, Prize name 39 en, Prize description en, pr39
493, pt2, Prize name 41 en, Prize description en, pr41
494, pt1, Prize name 44 en, Prize description en, pr44
495, pt3, Prize name 38 en, Prize description en, pr38
496, pt2, Prize name 10 en, Prize description en, pr10
497, pt5, Prize name 12 en, Prize description en, pr12
498, pt4, Prize name 24 en, Prize description en, pr24
499, pt1, Prize name 31 en, Prize description en, pr31
500, pt1, Prize name 49 en, Prize description en, pr49
501, pt5, Prize name 45 en, Prize description en, pr45
502, pt3, Prize name 16 en, Prize description en, pr16
503, pt2, Prize name 14 en, Prize description en, pr14
504, pt1, Prize name 23 en, Prize description en, pr23
505, pt5, Prize name 46 en, Prize description en, pr46
506, pt5, Prize name 37 en, Prize description en, pr37
507, pt5, Prize name 38 en, Prize description en, pr38
508, pt2, Prize name 46 en, Prize description en, pr46
509, pt4, Prize name 43 en, Prize description en, pr43
510, pt4, Prize name 30 en, Prize description en, pr30
511, pt3, Prize name 28 en, Prize description en, pr28
512, pt4, Prize name 13 en, Prize description en, pr13
513, pt5, Prize name 45 en, Prize description en, pr45
514, pt1, Prize name 11 en, Prize description en, pr11
515, pt1, Prize name 19 en, Prize description en, pr19
516, pt4, Prize name 10 en, Prize description en, pr10
517, pt3, Prize name 15 en, Prize description en, pr15
518, pt2, Prize name 20 en, Prize description en, pr20
519, pt1, Prize name 11 en, Prize description en, pr11
520, pt4, Prize name 47 en, Prize description en, pr47
521, pt1, Prize name 46 en, Prize description en, pr46
522, pt1, Prize name 37 en, Prize description en, pr37
523, pt1, Prize name 50 en, Prize description en, pr50
524, pt1, Prize name 34 en, Prize description en, pr34
525, pt2, Prize name 24 en, Prize description en, pr24
526, pt2, Prize name 47 en, Prize description en, pr47
527, pt3, Prize name 21 en, Prize description en, pr21
528, pt4, Prize name 32 en, Prize description en, pr32
529, pt4, Prize name 12 en, Prize description en, pr12
530, pt4, Prize name 24 en, Prize description en, pr24
531, pt3, Prize name 26 en, Prize description en, pr26
532, pt2, Prize name 11 en, Prize description en, pr11
533, pt2, Prize name 27 en, Prize description en, pr27
534, pt5, Prize name 37 en, Prize description en, pr37
535, pt2, Prize name 15 en, Prize description en, pr15
536, pt1, Prize name 37 en, Prize description en, pr37
537, pt3, Prize name 48 en, Prize description en, pr48
538, pt5, Prize name 38 en, Prize description en, pr38
539, pt1, Prize name 42 en, Prize description en, pr42
540, pt2, Prize name 11 en, Prize description en, pr11
541, pt4, Prize name 48 en, Prize description en, pr48
542, pt5, Prize name 48 en, Prize description en, pr48
543, pt2, Prize name 15 en, Prize description en, pr15
544, pt5, Prize name 26 en, Prize description en, pr26
545, pt1, Prize name 41 en, Prize description en, pr41
546, pt4, Prize name 28 en, Prize description en, pr28
547, pt4, Prize name 29 en, Prize description en, pr29
548, pt2, Prize name 49 en, Prize description en, pr49
549, pt1, Prize name 18 en, Prize description en, pr18
550, pt1, Prize name 18 en, Prize description en, pr18
551, pt1, Prize name 47 en, Prize description en, pr47
552, pt1, Prize name 18 en, Prize description en, pr18
553, pt1, Prize name 40 en, Prize description en, pr40
554, pt3, Prize name 32 en, Prize description en, pr32
555, pt2, Prize name 18 en, Prize description en, pr18
556, pt4, Prize name 13 en, Prize description en, pr13
557, pt2, Prize name 12 en, Prize description en, pr12
558, pt2, Prize name 28 en, Prize description en, pr28
559, pt3, Prize name 42 en, Prize description en, pr42
560, pt4, Prize name 17 en, Prize description en, pr17
561, pt3, Prize name 48 en, Prize description en, pr48
562, pt4, Prize name 29 en, Prize description en, pr29
563, pt3, Prize name 44 en, Prize description en, pr44
564, pt1, Prize name 26 en, Prize description en, pr26
565, pt2, Prize name 46 en, Prize description en, pr46
566, pt2, Prize name 27 en, Prize description en, pr27
567, pt3, Prize name 35 en, Prize description en, pr35
568, pt5, Prize name 29 en, Prize description en, pr29
569, pt4, Prize name 38 en, Prize description en, pr38
570, pt5, Prize name 10 en, Prize description en, pr10
571, pt4, Prize name 30 en, Prize description en, pr30
572, pt2, Prize name 12 en, Prize description en, pr12
573, pt1, Prize name 37 en, Prize description en, pr37
574, pt3, Prize name 28 en, Prize description en, pr28
575, pt3, Prize name 43 en, Prize description en, pr43
576, pt5, Prize name 31 en, Prize description en, pr31
577, pt3, Prize name 10 en, Prize description en, pr10
578, pt5, Prize name 41 en, Prize description en, pr41
579, pt4, Prize name 41 en, Prize description en, pr41
580, pt4, Prize name 18 en, Prize description en, pr18
581, pt1, Prize name 21 en, Prize description en, pr21
582, pt2, Prize name 48 en, Prize description en, pr48
583, pt5, Prize name 25 en, Prize description en, pr25
584, pt2, Prize name 23 en, Prize description en, pr23
585, pt1, Prize name 24 en, Prize description en, pr24
586, pt4, Prize name 37 en, Prize description en, pr37
587, pt4, Prize name 23 en, Prize description en, pr23
588, pt3, Prize name 28 en, Prize description en, pr28
589, pt2, Prize name 27 en, Prize description en, pr27
590, pt3, Prize name 14 en, Prize description en, pr14
591, pt4, Prize name 35 en, Prize description en, pr35
592, pt4, Prize name 48 en, Prize description en, pr48
593, pt1, Prize name 30 en, Prize description en, pr30
594, pt2, Prize name 17 en, Prize description en, pr17
595, pt4, Prize name 24 en, Prize description en, pr24
596, pt2, Prize name 47 en, Prize description en, pr47
597, pt4, Prize name 23 en, Prize description en, pr23
598, pt1, Prize name 18 en, Prize description en, pr18
599, pt3, Prize name 10 en, Prize description en, pr10
600, pt4, Prize name 28 en, Prize description en, pr28
601, pt2, Prize name 32 en, Prize description en, pr32
602, pt2, Prize name 41 en, Prize description en, pr41
603, pt4, Prize name 19 en, Prize description en, pr19
604, pt5, Prize name 33 en, Prize description en, pr33
605, pt2, Prize name 21 en, Prize description en, pr21
606, pt1, Prize name 15 en, Prize description en, pr15
607, pt3, Prize name 37 en, Prize description en, pr37
608, pt4, Prize name 46 en, Prize description en, pr46
609, pt4, Prize name 34 en, Prize description en, pr34
610, pt1, Prize name 31 en, Prize description en, pr31
611, pt4, Prize name 46 en, Prize description en, pr46
612, pt3, Prize name 49 en, Prize description en, pr49
613, pt4, Prize name 39 en, Prize description en, pr39
614, pt2, Prize name 29 en, Prize description en, pr29
615, pt3, Prize name 34 en, Prize description en, pr34
616, pt4, Prize name 27 en, Prize description en, pr27
617, pt2, Prize name 34 en, Prize description en, pr34
618, pt2, Prize name 29 en, Prize description en, pr29
619, pt5, Prize name 29 en, Prize description en, pr29
620, pt2, Prize name 12 en, Prize description en, pr12
621, pt2, Prize name 22 en, Prize description en, pr22
622, pt2, Prize name 45 en, Prize description en, pr45
623, pt5, Prize name 35 en, Prize description en, pr35
624, pt2, Prize name 15 en, Prize description en, pr15
625, pt5, Prize name 32 en, Prize description en, pr32
626, pt3, Prize name 19 en, Prize description en, pr19
627, pt1, Prize name 13 en, Prize description en, pr13
628, pt3, Prize name 28 en, Prize description en, pr28
629, pt5, Prize name 31 en, Prize description en, pr31
630, pt1, Prize name 22 en, Prize description en, pr22
631, pt2, Prize name 20 en, Prize description en, pr20
632, pt2, Prize name 47 en, Prize description en, pr47
633, pt5, Prize name 12 en, Prize description en, pr12
634, pt5, Prize name 46 en, Prize description en, pr46
635, pt3, Prize name 10 en, Prize description en, pr10
636, pt4, Prize name 38 en, Prize description en, pr38
637, pt5, Prize name 13 en, Prize description en, pr13
638, pt2, Prize name 43 en, Prize description en, pr43
639, pt5, Prize name 43 en, Prize description en, pr43
640, pt1, Prize name 36 en, Prize description en, pr36
641, pt2, Prize name 44 en, Prize description en, pr44
642, pt2, Prize name 20 en, Prize description en, pr20
643, pt2, Prize name 46 en, Prize description en, pr46
644, pt2, Prize name 26 en, Prize description en, pr26
645, pt2, Prize name 24 en, Prize description en, pr24
646, pt5, Prize name 21 en, Prize description en, pr21
647, pt1, Prize name 35 en, Prize description en, pr35
648, pt5, Prize name 49 en, Prize description en, pr49
649, pt4, Prize name 43 en, Prize description en, pr43
650, pt2, Prize name 35 en, Prize description en, pr35
651, pt2, Prize name 28 en, Prize description en, pr28
652, pt3, Prize name 35 en, Prize description en, pr35
653, pt2, Prize name 50 en, Prize description en, pr50
654, pt4, Prize name 18 en, Prize description en, pr18
655, pt1, Prize name 25 en, Prize description en, pr25
656, pt2, Prize name 13 en, Prize description en, pr13
657, pt1, Prize name 32 en, Prize description en, pr32
658, pt5, Prize name 44 en, Prize description en, pr44
659, pt4, Prize name 28 en, Prize description en, pr28
660, pt2, Prize name 46 en, Prize description en, pr46
661, pt5, Prize name 28 en, Prize description en, pr28
662, pt3, Prize name 26 en, Prize description en, pr26
663, pt3, Prize name 37 en, Prize description en, pr37
664, pt4, Prize name 23 en, Prize description en, pr23
665, pt1, Prize name 19 en, Prize description en, pr19
666, pt1, Prize name 27 en, Prize description en, pr27
667, pt4, Prize name 34 en, Prize description en, pr34
668, pt3, Prize name 45 en, Prize description en, pr45
669, pt5, Prize name 11 en, Prize description en, pr11
670, pt5, Prize name 48 en, Prize description en, pr48
671, pt2, Prize name 18 en, Prize description en, pr18
672, pt4, Prize name 39 en, Prize description en, pr39
673, pt2, Prize name 38 en, Prize description en, pr38
674, pt4, Prize name 11 en, Prize description en, pr11
675, pt5, Prize name 15 en, Prize description en, pr15
676, pt2, Prize name 25 en, Prize description en, pr25
677, pt5, Prize name 50 en, Prize description en, pr50
678, pt4, Prize name 34 en, Prize description en, pr34
679, pt4, Prize name 17 en, Prize description en, pr17
680, pt4, Prize name 32 en, Prize description en, pr32
681, pt5, Prize name 23 en, Prize description en, pr23
682, pt4, Prize name 48 en, Prize description en, pr48
683, pt2, Prize name 50 en, Prize description en, pr50
684, pt2, Prize name 30 en, Prize description en, pr30
685, pt3, Prize name 35 en, Prize description en, pr35
686, pt5, Prize name 41 en, Prize description en, pr41
687, pt5, Prize name 50 en, Prize description en, pr50
688, pt3, Prize name 45 en, Prize description en, pr45
689, pt4, Prize name 17 en, Prize description en, pr17
690, pt1, Prize name 28 en, Prize description en, pr28
691, pt3, Prize name 32 en, Prize description en, pr32
692, pt3, Prize name 46 en, Prize description en, pr46
693, pt3, Prize name 46 en, Prize description en, pr46
694, pt5, Prize name 19 en, Prize description en, pr19
695, pt3, Prize name 19 en, Prize description en, pr19
696, pt2, Prize name 15 en, Prize description en, pr15
697, pt2, Prize name 22 en, Prize description en, pr22
698, pt1, Prize name 25 en, Prize description en, pr25
699, pt2, Prize name 19 en, Prize description en, pr19
700, pt5, Prize name 44 en, Prize description en, pr44
701, pt2, Prize name 18 en, Prize description en, pr18
702, pt2, Prize name 29 en, Prize description en, pr29
703, pt1, Prize name 26 en, Prize description en, pr26
704, pt2, Prize name 36 en, Prize description en, pr36
705, pt4, Prize name 20 en, Prize description en, pr20
706, pt4, Prize name 25 en, Prize description en, pr25
707, pt1, Prize name 26 en, Prize description en, pr26
708, pt3, Prize name 20 en, Prize description en, pr20
709, pt4, Prize name 32 en, Prize description en, pr32
710, pt3, Prize name 29 en, Prize description en, pr29
711, pt4, Prize name 33 en, Prize description en, pr33
712, pt1, Prize name 18 en, Prize description en, pr18
713, pt3, Prize name 20 en, Prize description en, pr20
714, pt2, Prize name 41 en, Prize description en, pr41
715, pt3, Prize name 17 en, Prize description en, pr17
716, pt5, Prize name 16 en, Prize description en, pr16
717, pt2, Prize name 28 en, Prize description en, pr28
718, pt3, Prize name 13 en, Prize description en, pr13
719, pt1, Prize name 45 en, Prize description en, pr45
720, pt3, Prize name 10 en, Prize description en, pr10
721, pt1, Prize name 49 en, Prize description en, pr49
722, pt2, Prize name 21 en, Prize description en, pr21
723, pt3, Prize name 45 en, Prize description en, pr45
724, pt2, Prize name 32 en, Prize description en, pr32
725, pt3, Prize name 36 en, Prize description en, pr36
726, pt4, Prize name 24 en, Prize description en, pr24
727, pt1, Prize name 42 en, Prize description en, pr42
728, pt2, Prize name 22 en, Prize description en, pr22
729, pt1, Prize name 20 en, Prize description en, pr20
730, pt1, Prize name 45 en, Prize description en, pr45
731, pt1, Prize name 49 en, Prize description en, pr49
732, pt2, Prize name 43 en, Prize description en, pr43
733, pt2, Prize name 43 en, Prize description en, pr43
734, pt4, Prize name 27 en, Prize description en, pr27
735, pt3, Prize name 19 en, Prize description en, pr19
736, pt4, Prize name 32 en, Prize description en, pr32
737, pt3, Prize name 39 en, Prize description en, pr39
738, pt5, Prize name 16 en, Prize description en, pr16
739, pt1, Prize name 14 en, Prize description en, pr14
740, pt5, Prize name 14 en, Prize description en, pr14
741, pt5, Prize name 35 en, Prize description en, pr35
742, pt4, Prize name 20 en, Prize description en, pr20
743, pt3, Prize name 18 en, Prize description en, pr18
744, pt1, Prize name 40 en, Prize description en, pr40
745, pt2, Prize name 34 en, Prize description en, pr34
746, pt5, Prize name 50 en, Prize description en, pr50
747, pt3, Prize name 12 en, Prize description en, pr12
748, pt4, Prize name 23 en, Prize description en, pr23
749, pt4, Prize name 43 en, Prize description en, pr43
750, pt5, Prize name 26 en, Prize description en, pr26
751, pt3, Prize name 13 en, Prize description en, pr13
752, pt4, Prize name 44 en, Prize description en, pr44
753, pt5, Prize name 50 en, Prize description en, pr50
754, pt4, Prize name 23 en, Prize description en, pr23
755, pt2, Prize name 28 en, Prize description en, pr28
756, pt2, Prize name 10 en, Prize description en, pr10
757, pt2, Prize name 24 en, Prize description en, pr24
758, pt4, Prize name 20 en, Prize description en, pr20
759, pt3, Prize name 11 en, Prize description en, pr11
760, pt5, Prize name 49 en, Prize description en, pr49
761, pt5, Prize name 45 en, Prize description en, pr45
762, pt5, Prize name 39 en, Prize description en, pr39
763, pt5, Prize name 23 en, Prize description en, pr23
764, pt1, Prize name 32 en, Prize description en, pr32
765, pt4, Prize name 42 en, Prize description en, pr42
766, pt4, Prize name 21 en, Prize description en, pr21
767, pt5, Prize name 33 en, Prize description en, pr33
768, pt2, Prize name 26 en, Prize description en, pr26
769, pt2, Prize name 46 en, Prize description en, pr46
770, pt2, Prize name 15 en, Prize description en, pr15
771, pt1, Prize name 21 en, Prize description en, pr21
772, pt5, Prize name 47 en, Prize description en, pr47
773, pt1, Prize name 22 en, Prize description en, pr22
774, pt4, Prize name 37 en, Prize description en, pr37
775, pt3, Prize name 41 en, Prize description en, pr41
776, pt4, Prize name 16 en, Prize description en, pr16
777, pt2, Prize name 44 en, Prize description en, pr44
778, pt4, Prize name 45 en, Prize description en, pr45
779, pt4, Prize name 34 en, Prize description en, pr34
780, pt4, Prize name 42 en, Prize description en, pr42
781, pt1, Prize name 47 en, Prize description en, pr47
782, pt5, Prize name 10 en, Prize description en, pr10
783, pt2, Prize name 49 en, Prize description en, pr49
784, pt5, Prize name 39 en, Prize description en, pr39
785, pt4, Prize name 36 en, Prize description en, pr36
786, pt5, Prize name 17 en, Prize description en, pr17
787, pt4, Prize name 23 en, Prize description en, pr23
788, pt3, Prize name 29 en, Prize description en, pr29
789, pt1, Prize name 45 en, Prize description en, pr45
790, pt5, Prize name 31 en, Prize description en, pr31
791, pt5, Prize name 27 en, Prize description en, pr27
792, pt5, Prize name 27 en, Prize description en, pr27
793, pt5, Prize name 19 en, Prize description en, pr19
794, pt3, Prize name 17 en, Prize description en, pr17
795, pt2, Prize name 45 en, Prize description en, pr45
796, pt3, Prize name 10 en, Prize description en, pr10
797, pt4, Prize name 48 en, Prize description en, pr48
798, pt2, Prize name 19 en, Prize description en, pr19
799, pt1, Prize name 19 en, Prize description en, pr19
800, pt4, Prize name 46 en, Prize description en, pr46
801, pt1, Prize name 23 en, Prize description en, pr23
802, pt3, Prize name 42 en, Prize description en, pr42
803, pt4, Prize name 19 en, Prize description en, pr19
804, pt5, Prize name 48 en, Prize description en, pr48
805, pt4, Prize name 34 en, Prize description en, pr34
806, pt4, Prize name 48 en, Prize description en, pr48
807, pt4, Prize name 16 en, Prize description en, pr16
808, pt5, Prize name 12 en, Prize description en, pr12
809, pt1, Prize name 31 en, Prize description en, pr31
810, pt1, Prize name 16 en, Prize description en, pr16
811, pt2, Prize name 39 en, Prize description en, pr39
812, pt1, Prize name 17 en, Prize description en, pr17
813, pt3, Prize name 31 en, Prize description en, pr31
814, pt2, Prize name 39 en, Prize description en, pr39
815, pt5, Prize name 29 en, Prize description en, pr29
816, pt5, Prize name 29 en, Prize description en, pr29
817, pt1, Prize name 46 en, Prize description en, pr46
818, pt1, Prize name 11 en, Prize description en, pr11
819, pt4, Prize name 26 en, Prize description en, pr26
820, pt4, Prize name 44 en, Prize description en, pr44
821, pt3, Prize name 47 en, Prize description en, pr47
822, pt4, Prize name 50 en, Prize description en, pr50
823, pt2, Prize name 32 en, Prize description en, pr32
824, pt5, Prize name 41 en, Prize description en, pr41
825, pt2, Prize name 46 en, Prize description en, pr46
826, pt5, Prize name 39 en, Prize description en, pr39
827, pt4, Prize name 23 en, Prize description en, pr23
828, pt4, Prize name 35 en, Prize description en, pr35
829, pt1, Prize name 43 en, Prize description en, pr43
830, pt1, Prize name 17 en, Prize description en, pr17
831, pt5, Prize name 34 en, Prize description en, pr34
832, pt5, Prize name 25 en, Prize description en, pr25
833, pt3, Prize name 22 en, Prize description en, pr22
834, pt2, Prize name 37 en, Prize description en, pr37
835, pt1, Prize name 24 en, Prize description en, pr24
836, pt5, Prize name 50 en, Prize description en, pr50
837, pt1, Prize name 30 en, Prize description en, pr30
838, pt4, Prize name 12 en, Prize description en, pr12
839, pt4, Prize name 38 en, Prize description en, pr38
840, pt5, Prize name 49 en, Prize description en, pr49
841, pt2, Prize name 10 en, Prize description en, pr10
842, pt4, Prize name 32 en, Prize description en, pr32
843, pt1, Prize name 42 en, Prize description en, pr42
844, pt4, Prize name 19 en, Prize description en, pr19
845, pt1, Prize name 34 en, Prize description en, pr34
846, pt1, Prize name 24 en, Prize description en, pr24
847, pt4, Prize name 49 en, Prize description en, pr49
848, pt4, Prize name 24 en, Prize description en, pr24
849, pt2, Prize name 31 en, Prize description en, pr31
850, pt2, Prize name 46 en, Prize description en, pr46
851, pt2, Prize name 21 en, Prize description en, pr21
852, pt5, Prize name 35 en, Prize description en, pr35
853, pt4, Prize name 46 en, Prize description en, pr46
854, pt5, Prize name 35 en, Prize description en, pr35
855, pt3, Prize name 34 en, Prize description en, pr34
856, pt5, Prize name 38 en, Prize description en, pr38
857, pt5, Prize name 37 en, Prize description en, pr37
858, pt1, Prize name 43 en, Prize description en, pr43
859, pt4, Prize name 40 en, Prize description en, pr40
860, pt3, Prize name 22 en, Prize description en, pr22
861, pt5, Prize name 37 en, Prize description en, pr37
862, pt3, Prize name 27 en, Prize description en, pr27
863, pt2, Prize name 48 en, Prize description en, pr48
864, pt1, Prize name 31 en, Prize description en, pr31
865, pt3, Prize name 44 en, Prize description en, pr44
866, pt2, Prize name 20 en, Prize description en, pr20
867, pt5, Prize name 40 en, Prize description en, pr40
868, pt4, Prize name 44 en, Prize description en, pr44
869, pt3, Prize name 34 en, Prize description en, pr34
870, pt5, Prize name 39 en, Prize description en, pr39
871, pt3, Prize name 15 en, Prize description en, pr15
872, pt5, Prize name 46 en, Prize description en, pr46
873, pt5, Prize name 30 en, Prize description en, pr30
874, pt2, Prize name 41 en, Prize description en, pr41
875, pt1, Prize name 49 en, Prize description en, pr49
876, pt3, Prize name 37 en, Prize description en, pr37
877, pt1, Prize name 18 en, Prize description en, pr18
878, pt1, Prize name 34 en, Prize description en, pr34
879, pt4, Prize name 15 en, Prize description en, pr15
880, pt2, Prize name 25 en, Prize description en, pr25
881, pt3, Prize name 20 en, Prize description en, pr20
882, pt3, Prize name 50 en, Prize description en, pr50
883, pt5, Prize name 19 en, Prize description en, pr19
884, pt4, Prize name 45 en, Prize description en, pr45
885, pt4, Prize name 31 en, Prize description en, pr31
886, pt2, Prize name 40 en, Prize description en, pr40
887, pt3, Prize name 21 en, Prize description en, pr21
888, pt1, Prize name 41 en, Prize description en, pr41
889, pt2, Prize name 11 en, Prize description en, pr11
890, pt4, Prize name 42 en, Prize description en, pr42
891, pt5, Prize name 26 en, Prize description en, pr26
892, pt5, Prize name 29 en, Prize description en, pr29
893, pt1, Prize name 28 en, Prize description en, pr28
894, pt5, Prize name 21 en, Prize description en, pr21
895, pt3, Prize name 28 en, Prize description en, pr28
896, pt2, Prize name 43 en, Prize description en, pr43
897, pt3, Prize name 36 en, Prize description en, pr36
898, pt2, Prize name 37 en, Prize description en, pr37
899, pt2, Prize name 41 en, Prize description en, pr41
900, pt1, Prize name 30 en, Prize description en, pr30
901, pt3, Prize name 34 en, Prize description en, pr34
902, pt5, Prize name 19 en, Prize description en, pr19
903, pt3, Prize name 20 en, Prize description en, pr20
904, pt4, Prize name 17 en, Prize description en, pr17
905, pt1, Prize name 41 en, Prize description en, pr41
906, pt5, Prize name 50 en, Prize description en, pr50
907, pt4, Prize name 30 en, Prize description en, pr30
908, pt2, Prize name 30 en, Prize description en, pr30
909, pt1, Prize name 34 en, Prize description en, pr34
910, pt3, Prize name 47 en, Prize description en, pr47
911, pt1, Prize name 45 en, Prize description en, pr45
912, pt2, Prize name 36 en, Prize description en, pr36
913, pt4, Prize name 22 en, Prize description en, pr22
914, pt5, Prize name 10 en, Prize description en, pr10
915, pt3, Prize name 38 en, Prize description en, pr38
916, pt3, Prize name 45 en, Prize description en, pr45
917, pt1, Prize name 19 en, Prize description en, pr19
918, pt3, Prize name 14 en, Prize description en, pr14
919, pt1, Prize name 20 en, Prize description en, pr20
920, pt1, Prize name 38 en, Prize description en, pr38
921, pt5, Prize name 20 en, Prize description en, pr20
922, pt3, Prize name 22 en, Prize description en, pr22
923, pt5, Prize name 23 en, Prize description en, pr23
924, pt5, Prize name 42 en, Prize description en, pr42
925, pt3, Prize name 48 en, Prize description en, pr48
926, pt3, Prize name 20 en, Prize description en, pr20
927, pt4, Prize name 31 en, Prize description en, pr31
928, pt4, Prize name 28 en, Prize description en, pr28
929, pt1, Prize name 37 en, Prize description en, pr37
930, pt4, Prize name 49 en, Prize description en, pr49
931, pt5, Prize name 42 en, Prize description en, pr42
932, pt2, Prize name 42 en, Prize description en, pr42
933, pt4, Prize name 17 en, Prize description en, pr17
934, pt2, Prize name 18 en, Prize description en, pr18
935, pt2, Prize name 12 en, Prize description en, pr12
936, pt3, Prize name 29 en, Prize description en, pr29
937, pt1, Prize name 29 en, Prize description en, pr29
938, pt3, Prize name 31 en, Prize description en, pr31
939, pt2, Prize name 15 en, Prize description en, pr15
940, pt1, Prize name 46 en, Prize description en, pr46
941, pt5, Prize name 39 en, Prize description en, pr39
942, pt4, Prize name 29 en, Prize description en, pr29
943, pt5, Prize name 43 en, Prize description en, pr43
944, pt1, Prize name 11 en, Prize description en, pr11
945, pt2, Prize name 16 en, Prize description en, pr16
946, pt4, Prize name 45 en, Prize description en, pr45
947, pt1, Prize name 11 en, Prize description en, pr11
948, pt4, Prize name 46 en, Prize description en, pr46
949, pt5, Prize name 32 en, Prize description en, pr32
950, pt4, Prize name 18 en, Prize description en, pr18
951, pt3, Prize name 35 en, Prize description en, pr35
952, pt5, Prize name 50 en, Prize description en, pr50
953, pt4, Prize name 35 en, Prize description en, pr35
954, pt4, Prize name 45 en, Prize description en, pr45
955, pt5, Prize name 30 en, Prize description en, pr30
956, pt4, Prize name 28 en, Prize description en, pr28
957, pt5, Prize name 10 en, Prize description en, pr10
958, pt4, Prize name 37 en, Prize description en, pr37
959, pt2, Prize name 47 en, Prize description en, pr47
960, pt3, Prize name 25 en, Prize description en, pr25
961, pt1, Prize name 10 en, Prize description en, pr10
962, pt1, Prize name 36 en, Prize description en, pr36
963, pt4, Prize name 13 en, Prize description en, pr13
964, pt3, Prize name 29 en, Prize description en, pr29
965, pt1, Prize name 13 en, Prize description en, pr13
966, pt3, Prize name 47 en, Prize description en, pr47
967, pt3, Prize name 29 en, Prize description en, pr29
968, pt1, Prize name 19 en, Prize description en, pr19
969, pt1, Prize name 39 en, Prize description en, pr39
970, pt3, Prize name 10 en, Prize description en, pr10
971, pt3, Prize name 11 en, Prize description en, pr11
972, pt1, Prize name 30 en, Prize description en, pr30
973, pt2, Prize name 45 en, Prize description en, pr45
974, pt4, Prize name 48 en, Prize description en, pr48
975, pt4, Prize name 41 en, Prize description en, pr41
976, pt4, Prize name 30 en, Prize description en, pr30
977, pt1, Prize name 10 en, Prize description en, pr10
978, pt2, Prize name 23 en, Prize description en, pr23
979, pt1, Prize name 25 en, Prize description en, pr25
980, pt1, Prize name 38 en, Prize description en, pr38
981, pt1, Prize name 29 en, Prize description en, pr29
982, pt4, Prize name 24 en, Prize description en, pr24
983, pt3, Prize name 22 en, Prize description en, pr22
984, pt3, Prize name 49 en, Prize description en, pr49
985, pt2, Prize name 16 en, Prize description en, pr16
986, pt4, Prize name 27 en, Prize description en, pr27
987, pt4, Prize name 17 en, Prize description en, pr17
988, pt1, Prize name 29 en, Prize description en, pr29
989, pt3, Prize name 48 en, Prize description en, pr48
990, pt1, Prize name 30 en, Prize description en, pr30
991, pt4, Prize name 30 en, Prize description en, pr30
992, pt1, Prize name 10 en, Prize description en, pr10
993, pt2, Prize name 36 en, Prize description en, pr36
994, pt2, Prize name 30 en, Prize description en, pr30
995, pt3, Prize name 11 en, Prize description en, pr11
996, pt5, Prize name 24 en, Prize description en, pr24
997, pt1, Prize name 23 en, Prize description en, pr23
998, pt3, Prize name 30 en, Prize description en, pr30
999, pt3, Prize name 12 en, Prize description en, pr12
1000, pt5, Prize name 40 en, Prize description en, pr40
